2025-07-29T22:19:43.422893,5818565498,start
2025-07-29T22:20:36.399366,5818565498,start
2025-07-29T22:21:19.832902,5818565498,start
2025-07-29T22:22:07.501849,5818565498,start
2025-07-29T22:23:25.530925,5818565498,start
2025-07-29T22:26:02.561830,5818565498,start
2025-07-29T22:26:22.869945,5818565498,start
2025-07-29T22:41:35.420109,5818565498,start
2025-07-29T22:45:38.073528,5818565498,start
2025-07-29T22:47:15.431334,5818565498,start
2025-07-29T22:48:07.087409,5818565498,start
2025-07-29T22:49:05.511710,5818565498,start
2025-07-29T22:54:36.313071,5818565498,start
2025-07-29T22:55:33.973909,5818565498,start
2025-07-29T22:56:24.393159,5818565498,start
2025-07-29T22:57:45.698933,5818565498,start
2025-07-29T23:04:54.374512,5818565498,start
2025-07-29T23:04:57.102114,5818565498,prediction
2025-07-29T23:05:56.204915,5818565498,start
2025-07-29T23:06:23.940565,5818565498,start
2025-07-29T23:06:47.448890,5818565498,start
2025-07-29T23:07:16.751580,5818565498,start
2025-07-29T23:22:45.317245,5818565498,start
2025-07-29T23:23:17.767306,5818565498,prediction
2025-07-30T11:18:44.229805,5818565498,start
2025-07-30T11:19:31.034065,5818565498,start
2025-07-30T11:19:35.235173,5818565498,prediction
2025-07-30T11:20:07.081602,5818565498,start
2025-07-30T12:00:21.610605,5818565498,start
2025-07-30T12:00:47.189540,5818565498,start
2025-07-30T12:36:59.171084,5818565498,start
2025-07-30T12:37:02.805401,5818565498,free_trial_activated
2025-07-30T12:37:21.726357,5818565498,start
2025-07-30T12:37:25.502299,5818565498,prediction
2025-07-30T13:37:18.337133,5818565498,start
2025-07-30T13:48:35.483553,5818565498,start
2025-07-30T13:48:40.883696,5818565498,prediction
2025-07-30T13:50:51.510965,5818565498,prediction
2025-07-30T15:24:12.966650,5818565498,start
2025-07-30T15:24:20.207993,5818565498,prediction
2025-07-31T07:16:49.228462,5818565498,start
2025-07-31T07:54:17.567733,5818565498,start
2025-07-31T07:54:22.070572,5818565498,prediction
2025-07-31T08:21:27.207191,5818565498,start
2025-07-31T08:22:35.985537,5818565498,start
2025-07-31T08:23:48.417713,5818565498,start
2025-07-31T08:23:52.011964,5818565498,prediction
2025-07-31T09:16:53.177635,5818565498,start
2025-07-31T09:52:44.467187,5818565498,start
2025-07-31T09:58:25.552728,5818565498,start
2025-07-31T09:59:22.774909,5818565498,start
2025-07-31T09:59:27.450889,5818565498,prediction
2025-07-31T10:00:10.043064,5818565498,start
2025-07-31T10:10:41.448662,5818565498,start
