Timestamp,User ID,Prediction
"2025-07-29T21:26:52.569113,5818565498,""13,14,47,74,75"""
"2025-07-29T21:35:15.339775,5818565498,""13,14,47,74,75"""
"2025-07-29T21:35:54.048610,5818565498,""13,14,47,74,75"""
"2025-07-29T21:37:20.246886,5818565498,""13,14,47,74,75"""
2025-07-29T23:04:57.102114,5818565498,"13,14,47,74,75"
2025-07-29T23:23:17.764795,5818565498,"13,14,47,74,75"
2025-07-30T11:19:35.234084,5818565498,"13,14,47,74,75"
2025-07-30T12:37:25.500292,5818565498,"14,27,47,74,75"
2025-07-30T13:48:40.882724,5818565498,"13,14,47,74,75"
2025-07-30T13:50:51.510965,5818565498,"13,14,47,74,75"
2025-07-30T15:24:20.207993,5818565498,"14,26,48,74,75"
2025-07-31T07:54:22.069631,5818565498,"1,14,48,74,75"
2025-07-31T08:23:52.010800,5818565498,"1,14,48,60,75"
2025-07-31T09:59:27.450177,5818565498,"1,14,48,60,75"
